[
  {
    "id": "86eb52ce-64d1-4914-b993-a40f1474ba9d",
    "data": [
      {
        "text": "Dessert",
        "userDefined": false
      }
    ],
    "isTemplate": false,
    "count": 0,
    "lang": "en",
    "updated": 0
  },
  {
    "id": "27b9b3a8-51a9-4a99-8a1f-33ecad6f18f8",
    "data": [
      {
        "text": "Drink",
        "userDefined": false
      }
    ],
    "isTemplate": false,
    "count": 0,
    "lang": "en",
    "updated": 0
  },
  {
    "id": "20abd25f-4810-457e-8390-9b9de744b667",
    "data": [
      {
        "text": "Dessert \u0026 Drinks",
        "userDefined": false
      }
    ],
    "isTemplate": false,
    "count": 0,
    "lang": "en",
    "updated": 0
  }
]