[
  {
    "id": "d6cc1963-29ff-4e58-9b23-47b511f8c251",
    "data": [
      {
        "text": "Vegetable Samosa",
        "userDefined": false
      }
    ],
    "isTemplate": false,
    "count": 0,
    "lang": "en",
    "updated": 0
  },
  {
    "id": "f4cb13f4-834b-4b73-8505-ef076d60df6e",
    "data": [
      {
        "text": "Paneer Tikka",
        "userDefined": false
      }
    ],
    "isTemplate": false,
    "count": 0,
    "lang": "en",
    "updated": 0
  },
  {
    "id": "9b5cdeab-d56f-4a32-89af-4a762662129b",
    "data": [
      {
        "text": "Tomato Soup",
        "userDefined": false
      }
    ],
    "isTemplate": false,
    "count": 0,
    "lang": "en",
    "updated": 0
  },
  {
    "id": "0dd31726-870c-4a30-9966-4c0ec0efa90d",
    "data": [
      {
        "text": "Jamun",
        "userDefined": false
      }
    ],
    "isTemplate": false,
    "count": 0,
    "lang": "en",
    "updated": 0
  },
  {
    "id": "4dd561c8-84c5-46a4-a093-fe92dc14ed45",
    "data": [
      {
        "text": "Soda",
        "userDefined": false
      }
    ],
    "isTemplate": false,
    "count": 0,
    "lang": "en",
    "updated": 0
  },
  {
    "id": "0fd71963-961c-4e61-8adc-d958db5fb1e4",
    "data": [
      {
        "text": "Icecream",
        "userDefined": false
      }
    ],
    "isTemplate": false,
    "count": 0,
    "lang": "en",
    "updated": 0
  },
  {
    "id": "b8d059ac-62e9-45bf-bdaf-7a3e90e6b011",
    "data": [
      {
        "text": "Pepper Chicken",
        "userDefined": false
      }
    ],
    "isTemplate": false,
    "count": 0,
    "lang": "en",
    "updated": 0
  }
]